first_name,last_name,biography,street,postcode,city,image_url
Melissa,Ellis,Financial Times journal best-selling author who inspires and empowers people to create best results for their business., ,E6 2RZ,london,https://images.pexels.com/photos/1542085/pexels-photo-1542085.jpeg?auto=compress&cs=tinysrgb&w=600
Diane,Ross,Communicator. Alcohol buff. Certified music fanatic. Internet scholar. Wannabe bacon specialist., ,E20 1JZ,london,https://images.pexels.com/photos/2726111/pexels-photo-2726111.jpeg?auto=compress&cs=tinysrgb&w=600
April,Smith,Social media scholar. Award-winning twitteraholic. Bacon ninja. Thinker. Zombie maven., ,SE9 1XQ,london,https://images.pexels.com/photos/415829/pexels-photo-415829.jpeg?auto=compress&cs=tinysrgb&w=600
Derek,Baker,Travel guru. Entrepreneur. Music geek. Social media practitioner. Twitter expert. Wannabe explorer. Bacon fanatic. Zombie aficionado., ,E1 6JY,london,https://images.pexels.com/photos/220453/pexels-photo-220453.jpeg?auto=compress&cs=tinysrgb&w=600
Kelly ,Oneal,Creator. Subtly charming coffee scholar. Twitter nerd. Student. Gamer. Musicaholic. Travel fanatic. Devoted problem solver. Food junkie., ,N13 5SX,london,https://images.pexels.com/photos/1499327/pexels-photo-1499327.jpeg?auto=compress&cs=tinysrgb&w=600
Austin,Brown,Tv guru. Alcohol evangelist. Problem solver. Amateur student. Introvert. Zombie scholar., ,SE1 1QE,london,https://images.pexels.com/photos/1559486/pexels-photo-1559486.jpeg?auto=compress&cs=tinysrgb&w=600
Thomas,Ramirez,Lifelong travel evangelist. Incurable alcohol fanatic. Music guru. Pop culture aficionado., ,SE1 8HZ,london,https://images.pexels.com/photos/1080213/pexels-photo-1080213.jpeg?auto=compress&cs=tinysrgb&w=600
Lisa,Martinez,Infuriatingly humble alcohol evangelist. Extreme reader. Social media nerd. Web trailblazer., ,E4 6NY,london,https://images.pexels.com/photos/678783/pexels-photo-678783.jpeg?auto=compress&cs=tinysrgb&w=600
Tony ,Barnes,Devoted zombie enthusiast. General communicator. Tv expert. Gamer. Travel evangelist. Food scholar., ,W7 2LT,london,https://images.pexels.com/photos/2589653/pexels-photo-2589653.jpeg?auto=compress&cs=tinysrgb&w=600
Melissa,Walker,General tv fan. Hardcore social media guru. Writer. Organizer. Pop culture geek., ,SW4 7RN,london,https://images.pexels.com/photos/1024311/pexels-photo-1024311.jpeg?auto=compress&cs=tinysrgb&w=600
Robert,Brown,Food fan. Tv guru. Subtly charming music scholar. Social media advocate. Bacon lover. Certified troublemaker. Webaholic. Coffee practitioner. Internet nerd., ,E9 7TP,london,https://images.pexels.com/photos/1040880/pexels-photo-1040880.jpeg?auto=compress&cs=tinysrgb&w=600
Sara,Le,Wannabe student. Beer lover. Tv fanatic. Social media expert. Infuriatingly humble pop culture buff., ,SE16 2PA,london,https://images.pexels.com/photos/1687675/pexels-photo-1687675.jpeg?auto=compress&cs=tinysrgb&w=600
Christina ,Hampton,Communicator. Bacon fan. Twitter evangelist. Analyst. Entrepreneur. Lifelong troublemaker. Gamer. Reader. Zombie lover., ,N2 0QU,london,https://images.pexels.com/photos/943084/pexels-photo-943084.jpeg?auto=compress&cs=tinysrgb&w=600
Alexa,Johnson,Bacon fan. Web expert. Travel buff. Amateur pop culture advocate. Alcohol enthusiast., ,SW11 5SH,london,https://images.pexels.com/photos/3779760/pexels-photo-3779760.jpeg?auto=compress&cs=tinysrgb&w=600
Lauren,Wilson,Unable to type with boxing gloves on. Beer enthusiast. General pop culture advocate. Reader., ,NW2 1QH,london,https://images.pexels.com/photos/2773977/pexels-photo-2773977.jpeg?auto=compress&cs=tinysrgb&w=600
Joseph,Bryan,Alcoholaholic. Web advocate. Entrepreneur. Zombie enthusiast. Student. Explorer. Certified communicator. Total music specialist. Beer ninja., ,SE2 0DS,london,https://images.pexels.com/photos/1484810/pexels-photo-1484810.jpeg?auto=compress&cs=tinysrgb&w=600
Jasmine,Morris,Communicator. Hardcore food aficionado. Tv expert. Social media geek. Bacon specialist. Avid music practitioner., ,SE18 3SG,london,https://images.pexels.com/photos/3764119/pexels-photo-3764119.jpeg?auto=compress&cs=tinysrgb&w=600
Sydney,Burton,Social media guru. Tv trailblazer. Zombie expert. Introvert. Web ninja. Beer fanatic. Internet buff., ,E5 9HU,london,https://images.pexels.com/photos/4906334/pexels-photo-4906334.jpeg?auto=compress&cs=tinysrgb&w=600
Lauren,Bradley,"A writer, digital marketing pioneer, and Financial Times journal best-selling author who inspires and empowers people to create best results for their business.", ,W6 7BA,london,https://images.pexels.com/photos/1310522/pexels-photo-1310522.jpeg?auto=compress&cs=tinysrgb&w=600
Theresa,Grimes,Communicator. Alcohol buff. Certified music fanatic. Internet scholar. Wannabe bacon specialist., ,E16 1ZE,london,https://images.pexels.com/photos/764529/pexels-photo-764529.jpeg?auto=compress&cs=tinysrgb&w=600
Kelly ,Fritz,Social media scholar. Award-winning twitteraholic. Bacon ninja. Thinker. Zombie maven., ,SE18 5DL,london,https://images.pexels.com/photos/1065084/pexels-photo-1065084.jpeg?auto=compress&cs=tinysrgb&w=600
Angela,Robertson,Travel guru. Entrepreneur. Music geek. Social media practitioner. Twitter expert. Wannabe explorer. Bacon fanatic. Zombie aficionado., ,NW9 0JP,london,https://images.pexels.com/photos/3021595/pexels-photo-3021595.jpeg?auto=compress&cs=tinysrgb&w=600
John,Miles,Creator. Subtly charming coffee scholar. Twitter nerd. Student. Gamer. Musicaholic. Travel fanatic. Devoted problem solver. Food junkie., ,SE8 3FZ,london,https://images.pexels.com/photos/697509/pexels-photo-697509.jpeg?auto=compress&cs=tinysrgb&w=600
Melissa,Castro,Tv guru. Alcohol evangelist. Problem solver. Amateur student. Introvert. Zombie scholar., ,SE10 0DD,london,https://images.pexels.com/photos/1181424/pexels-photo-1181424.jpeg?auto=compress&cs=tinysrgb&w=600
Linda,Burns,Lifelong travel evangelist. Incurable alcohol fanatic. Music guru. Pop culture aficionado., ,E1 5BH,london,https://images.pexels.com/photos/5473391/pexels-photo-5473391.jpeg?auto=compress&cs=tinysrgb&w=600
Kathy,Farley,Infuriatingly humble alcohol evangelist. Extreme reader. Social media nerd. Web trailblazer., ,SE26 4QY,london,https://images.pexels.com/photos/5794559/pexels-photo-5794559.jpeg?auto=compress&cs=tinysrgb&w=600
Kyle,Griffin,Devoted zombie enthusiast. General communicator. Tv expert. Gamer. Travel evangelist. Food scholar., ,SE16 2JY,london,https://images.pexels.com/photos/2406949/pexels-photo-2406949.jpeg?auto=compress&cs=tinysrgb&w=600
Marcus,Peterson,General tv fan. Hardcore social media guru. Writer. Organizer. Pop culture geek., ,SE6 4LH,london,https://images.pexels.com/photos/1819483/pexels-photo-1819483.jpeg?auto=compress&cs=tinysrgb&w=600
Melissa,Quinn,Food fan. Tv guru. Subtly charming music scholar. Social media advocate. Bacon lover. Certified troublemaker. Webaholic. Coffee practitioner. Internet nerd., ,E20 1DW,london,https://images.pexels.com/photos/1852382/pexels-photo-1852382.jpeg?auto=compress&cs=tinysrgb&w=600
Max,Sharp,Wannabe student. Beer lover. Tv fanatic. Social media expert. Infuriatingly humble pop culture buff., ,SE11 4AW,london,https://images.pexels.com/photos/2269872/pexels-photo-2269872.jpeg?auto=compress&cs=tinysrgb&w=600
Karl,Pena,Communicator. Bacon fan. Twitter evangelist. Analyst. Entrepreneur. Lifelong troublemaker. Gamer. Reader. Zombie lover., ,SE15 3QQ,london,https://images.pexels.com/photos/91227/pexels-photo-91227.jpeg?auto=compress&cs=tinysrgb&w=600
Justin,Lara,Bacon fan. Web expert. Travel buff. Amateur pop culture advocate. Alcohol enthusiast., ,SE9 5NP,london,https://images.pexels.com/photos/6801642/pexels-photo-6801642.jpeg?auto=compress&cs=tinysrgb&w=600
Wendy,Davis,Unable to type with boxing gloves on. Beer enthusiast. General pop culture advocate. Reader., ,SE17 3NP,london,https://images.pexels.com/photos/3775168/pexels-photo-3775168.jpeg?auto=compress&cs=tinysrgb&w=600
Michael,Medina,Alcoholaholic. Web advocate. Entrepreneur. Zombie enthusiast. Student. Explorer. Certified communicator. Total music specialist. Beer ninja., ,NW4 4BX,london,https://images.pexels.com/photos/1933873/pexels-photo-1933873.jpeg?auto=compress&cs=tinysrgb&w=600
Logan,Morris,Food fan. Tv guru. Subtly charming music scholar. Social media advocate. Bacon lover. Certified troublemaker. Webaholic. Coffee practitioner. Internet nerd., ,SE20 8NJ,london,https://images.pexels.com/photos/1516680/pexels-photo-1516680.jpeg?auto=compress&cs=tinysrgb&w=600
Shannon,Hernandez,Wannabe student. Beer lover. Tv fanatic. Social media expert. Infuriatingly humble pop culture buff., ,SW15 6LP,london,https://images.pexels.com/photos/1674752/pexels-photo-1674752.jpeg?auto=compress&cs=tinysrgb&w=600
Melissa,Cox,Communicator. Bacon fan. Twitter evangelist. Analyst. Entrepreneur. Lifelong troublemaker. Gamer. Reader. Zombie lover., ,N6 5PQ,london,https://images.pexels.com/photos/1239288/pexels-photo-1239288.jpeg?auto=compress&cs=tinysrgb&w=600
Sean,Parsons,Bacon fan. Web expert. Travel buff. Amateur pop culture advocate. Alcohol enthusiast., ,E3 5BE,london,https://images.pexels.com/photos/532220/pexels-photo-532220.jpeg?auto=compress&cs=tinysrgb&w=600
Preston ,Young,Unable to type with boxing gloves on. Beer enthusiast. General pop culture advocate. Reader., ,SE17 1EP,london,https://images.pexels.com/photos/2379004/pexels-photo-2379004.jpeg?auto=compress&cs=tinysrgb&w=600
Gary,Chapman,Food fan. Tv guru. Subtly charming music scholar. Social media advocate. Bacon lover. Certified troublemaker. Webaholic. Coffee practitioner. Internet nerd., ,NW6 3PS,london,https://images.pexels.com/photos/428364/pexels-photo-428364.jpeg?auto=compress&cs=tinysrgb&w=600
Lucy,Lawless,Tv guru. Alcohol evangelist. Problem solver. Amateur student. Introvert. Zombie scholar., ,SE10 0HR,london,https://images.pexels.com/photos/4098157/pexels-photo-4098157.jpeg?auto=compress&cs=tinysrgb&w=600
